Moment ID,Region,Timestamp,Group
7ZcbzueVfUJIme4mqdrHW,asia-east,5/13/2024 20:11,0
gkY3khnL_aUn1-h2a98aq,us-central,5/13/2024 12:58,0
y4P4I9lzLQuP8Kgz0fhL4,asia-west,5/13/2024 6:56,0
ILuyI4FXZAmiKZJDWwUwi,asia-east,5/13/2024 5:04,0
sN0-U_4dt6fPdGxW0OMwB,europe-west,5/13/2024 1:28,0
wYKKZrZDYTR7YkWtYEED4,us-central,5/12/2024 12:31,0
vbF1YMiABDOnf-Z0OojpO,europe-west,5/12/2024 5:43,0
z2ZUSxnD8-_8KsFnsHpuD,asia-east,5/12/2024 3:04,0
FjavvQ8LNoioLWlcMAn-K,asia-west,5/12/2024 1:32,0
XeNIeTKaBXXb6tojq1qhl,us-central,5/11/2024 11:05,0
#NAME?,asia-east,5/11/2024 4:53,0
v4wmQacVAf1kpe_dVsP4E,europe-west,5/11/2024 1:51,0
QGbz-YOEsDIOjgtwRVpuV,asia-west,5/11/2024 0:12,0
xaPXk2MBUrNXpHgkUZaKu,us-central,5/10/2024 9:58,0
kFvXB0D-Nkoof7uENjPYb,asia-west,5/10/2024 5:37,0
eMGxaRYHYu3XMBSieUgrh,europe-west,5/10/2024 3:43,0
jkk-c-Lf_HmKwJvUD_PRR,asia-east,5/9/2024 21:14,0
RRGnmw-GR9ygkELr87CoW,us-central,5/9/2024 10:13,0
RFAO83C29VD8dkb14FSDB,europe-west,5/9/2024 4:13,0
PW2RdAWi9j42g34XCrdGa,asia-west,5/9/2024 2:11,0
BGLwOgG0-tUyg2OzqEzfE,asia-east,5/9/2024 1:01,0
n5PisYjj-S-HDrDV52q2J,us-central,5/8/2024 11:22,0
9LZCC3Tl8zpT9Jltr0Xos,europe-west,5/8/2024 8:35,0
_hKSMkpkso8ndRGqgHgXC,asia-west,5/8/2024 7:42,0
UeAA1h0oQiVBAQFqUfbe0,asia-east,5/7/2024 23:38,0
pGBqRgFZKJQBIWvcKwpFw,us-central,5/7/2024 10:32,0
TO9C0DKXtR0lVCeNYClcK,asia-west,5/7/2024 9:24,0
43EsiTuAbbkuVyNzSy0UI,europe-west,5/7/2024 2:31,0
lgVRN2FHzueWf__2wFrvH,asia-east,5/6/2024 22:13,0
gUmpQ56PmxAUZDSXq1Mf4,us-central,5/6/2024 11:25,0
axc_v2rGN0hiPkaGiqdOD,europe-west,5/6/2024 4:03,0
jYDVsOeIb2Bu0C2x2pczQ,asia-west,5/6/2024 2:52,0
8Q-sZ7orctpYcO5zAdxKJ,asia-east,5/5/2024 23:31,0
UMnDtqVbbN0ZhFQXq8FF1,us-central,5/5/2024 12:40,0
o-wAuIsVQF4DgiKB_glJ_,europe-west,5/5/2024 11:35,0
sCS8Q5sH0exIu6r86jYMl,asia-west,5/5/2024 9:47,0
6weeNlB0gATjh3uGligjt,asia-east,5/5/2024 3:08,0
Rgin0g4A3FfmHTKgP_K8E,europe-west,5/4/2024 10:22,0
GiUjVyWRp8Q9d__hmhkjT,us-central,5/4/2024 9:34,0
7KV80Mu47238oh-hj6ObI,asia-west,5/4/2024 4:43,0
wHlJWAXimlc8qBSEdT792,asia-east,5/4/2024 3:56,0
eePEIhDBc9qw-9rVTdS68,us-central,5/3/2024 12:33,0
EXCzAo4WAYYkVHFZ2olx4,asia-west,5/3/2024 8:26,0
grLEJcNRjRjOv6NjV-qUy,europe-west,5/3/2024 5:58,0
jcMc3j_q5ZZ5HFLb1HsQG,asia-east,5/2/2024 19:26,0
2yB9j2k3IVSDi19BaoPc-,europe-west,5/2/2024 12:47,0
CQrV5QQojkYfUMq5_mQKL,us-central,5/2/2024 11:08,0
BpcfMQHHRhdGioUTpPYeg,asia-west,5/2/2024 1:44,0
YKP8x2zsGxXltIcTwmrmP,asia-east,5/2/2024 0:19,0
ikdzEMpLllQJWtpb0yAyS,us-central,5/1/2024 12:31,0
AnoFFRE3I1W9cJGksAICC,asia-west,5/1/2024 7:20,0
bOYv7pbG_1XXVF3WshZcC,europe-west,5/1/2024 2:17,0
EofqDMRUIkN4xEjvv0vWp,asia-east,4/30/2024 22:16,0
Fq6daB3KVHuZKySgPex71,us-central,4/30/2024 12:55,0
Tom457r1UuUV23sguFjDW,asia-west,4/30/2024 5:55,0
ttyGwTBHTb4akr0cBSUFD,europe-west,4/30/2024 3:54,0
EqTFA83DI8MgcYXwpGF59,asia-east,4/30/2024 2:27,0
HnLuZIlegvhiCpxiLw1Yn,us-central,4/29/2024 18:38,0
Kqj1iUjaV0nktei6ZeH9w,europe-west,4/29/2024 6:46,0
ZIrhXezm7QbMR299HREw9,asia-west,4/29/2024 4:19,0
w6tcZcpjDZf7N4yZsFl6s,asia-east,4/29/2024 2:02,0
M_Q84ZjgPY_hHMub9xj3N,europe-west,4/28/2024 11:49,0
rYqq95Bm4EjUim_spbikc,us-central,4/28/2024 10:07,0
#NAME?,asia-west,4/28/2024 7:01,0
4IbA-xLc0Wzv8k85gMsU6,asia-east,4/28/2024 4:40,0
OIiaOigmvJcoOh5gZlrTl,us-central,4/27/2024 15:28,0
PyZUbe1uO9Be-b-5zLSWh,europe-west,4/27/2024 11:58,0
pHHiZWXr-q4mnYzElnyJb,asia-west,4/27/2024 7:58,0
aSLpZKuTzt0viGNW_xt-K,asia-east,4/26/2024 23:01,0
w2224I90PFZyPXSYF4wS1,us-central,4/26/2024 14:22,0
LXmcjrqIRz7JMKIOVJKxF,europe-west,4/26/2024 11:01,0
AEFvYUuyoLuykBIPs7ytI,asia-west,4/26/2024 7:35,0
7_EtHIpfTMQYaK9J4MYmZ,asia-east,4/26/2024 2:49,0
IQqajtG0XhG_H6hA2F60P,us-central,4/25/2024 13:08,0
Muu0P62p5mpJWV_OBVlFC,asia-west,4/25/2024 7:31,0
c-AbxLVVKYUvLdekhcr5j,europe-west,4/25/2024 2:31,0
tvVuG0W948WagUrv1iAiE,asia-east,4/25/2024 0:47,0
0sew1R208-PDsTkXw1_At,us-central,4/24/2024 13:56,0
vH0iAo2Qqw0JGy7yrFJTH,europe-west,4/24/2024 9:01,0
lQewrHuUfJbF7-VrrxmNc,asia-west,4/24/2024 2:01,0
zmjZMdBhrOU4HjWDpblwR,asia-east,4/23/2024 22:48,0
RRK3tGrAEOEv0aQ_9NC-t,us-central,4/23/2024 12:14,0
2LpGyt3d1OGdXPClfRo4O,asia-west,4/23/2024 7:20,0
Tl_R9MbPJix-2JhDwmevO,europe-west,4/23/2024 4:56,0
rEQfVc4BMjpsrX9cLTqZi,asia-east,4/22/2024 20:38,0
UsRJ6AlLgPnNtlY1DX5m5,us-central,4/22/2024 11:36,0
RG4WpF9qqww3WY3p5iZGI,asia-west,4/22/2024 8:21,0
R0Y07lUIACYt-gAGZhW09,europe-west,4/22/2024 4:54,0
Cttjgv6LfLJ9R96ZOsq1H,asia-east,4/21/2024 19:33,0
zRulFqaftMpfBNHVN2Dk2,us-central,4/21/2024 10:51,0
prNk22ut_8Vj6Y-KWyQ_u,asia-west,4/21/2024 4:01,0
7AD4XZsdqXnMRMVBBN3yQ,europe-west,4/21/2024 2:32,0
f-z9PRkiz8R9Urkp9HS4j,asia-east,4/20/2024 18:55,0
Q88vzHfoXIAPKXlt3Fr6s,asia-west,4/20/2024 10:57,0
txG7zBa7qhygdycUw_kO6,us-central,4/20/2024 9:15,0
8Q6lsLld8Es1eFPKywo-M,europe-west,4/20/2024 8:20,0
Yqyv884oMgDhFysjetOra,asia-east,4/19/2024 22:23,0
dpkL71np1lqp5_1tDc8On,us-central,4/19/2024 12:42,0
a-MzvgQAIDfX7vzBzStVd,asia-west,4/19/2024 8:41,0
txC0STQV3yWhFotpgVcil,europe-west,4/19/2024 5:14,0
wCvVfOEMJc22IXlwEbVK3,asia-east,4/18/2024 20:21,0
xeQfV0PRtvxseIELS_khn,us-central,4/18/2024 9:25,0
fsa3XzeJnHGrEOPK6Q_ON,asia-west,4/18/2024 6:57,0
CHac5oyMWXnRPpP4EM2uz,europe-west,4/18/2024 2:15,0
woutEV2VCqCF9FrFQDVah,asia-east,4/17/2024 23:43,0
9CVeg3Uc_wl0Ty1Uupk7o,us-central,4/17/2024 12:03,0
U7Z3B5ZdTKsJpi43-iuin,asia-west,4/17/2024 7:08,0
AY-_WroDP0lz9oXW8aRqf,europe-west,4/17/2024 5:52,0
tRj0kVJ6Wo8ZDKBF5wk0i,asia-east,4/16/2024 20:24,0
27AlwQ14QJbm8_Nx7WMeG,us-central,4/16/2024 9:11,0
fb7Ag-AcoOQodW7voX6mg,europe-west,4/16/2024 4:31,0
1f0AwHWyIf9GHWCj6Himx,asia-west,4/16/2024 3:28,0
yU7rCLkVY36eHQD7ua_bY,asia-east,4/16/2024 0:01,0
4ZXZrw4zceS4R2llJ8u5C,us-central,4/15/2024 11:07,0
XfyUbFIaLyf5Xp3E5tYN7,europe-west,4/15/2024 7:06,0
Y_vKvXsIfq6tSmp6pJa_4,asia-east,4/15/2024 2:41,0
G_4bgqs_3PbY_kqgM7O7p,asia-west,4/15/2024 2:08,0
6eQtprVlsrUHT-3-B5M-i,us-central,4/14/2024 11:19,0
5T_IYPwClCuwEWOw43PeF,europe-west,4/14/2024 10:16,0
_R7wNBfmj7jz8OT3e9agr,asia-west,4/14/2024 3:04,0
R3hBhmJgMURYxjVYEN4eI,asia-east,4/14/2024 0:53,0
1PEXwNfua4lwPWVCVXmAg,us-central,4/13/2024 16:44,0
VcwAJ2tnvmbQwXemt6vgB,europe-west,4/13/2024 4:48,0
IC3cIGvYzRBVK93VE0B7b,asia-west,4/13/2024 2:35,0
FgIvMVeSuTmFxHba28xn1,asia-east,4/13/2024 0:50,0
1KjM7_PstwTt7iTelqT1j,us-central,4/12/2024 15:55,0
#NAME?,asia-west,4/12/2024 9:14,0
KK4loh7pUrIKIVDDBwlXU,europe-west,4/12/2024 7:42,0
Fiv4c9LdZXph74zIkvFIR,asia-east,4/12/2024 2:48,0
Q917Njlnc7IyWwENMaOCJ,us-central,4/11/2024 12:38,0
_vaktxwLecwQBd_6gFuLj,asia-west,4/11/2024 6:44,0
5_1U_KtkVfYgu2JYvWINu,europe-west,4/11/2024 4:26,0
v21ClX25Md0YCuvFEwBSZ,asia-east,4/11/2024 0:44,0
xZHx_hcFw55dZsekjvCiZ,us-central,4/10/2024 13:23,0
B5-u3uD11cyLvx5lLdWsT,europe-west,4/10/2024 10:56,0
hChx_r3b9vnzDTJbsDJ_U,asia-east,4/10/2024 5:08,0
WaJvygiDlvYw_N7E9lef1,asia-west,4/10/2024 2:10,0
Eetzym9YrfspitH6NWivl,us-central,4/9/2024 11:36,0
i0LoTlaf14Jw_vEuJ0v7w,europe-west,4/9/2024 7:28,0
iVzSpCatMGszOGBpNPXOw,asia-west,4/9/2024 4:27,0
j3RWp4RapowhPdvzmoaFp,asia-east,4/8/2024 21:14,0
eiQMLm4ZvEtpjp3S4GCDq,us-central,4/8/2024 12:41,0
PRlUcOaU1yMgLyq0GeRl2,europe-west,4/8/2024 7:45,0
RY2yR6sWbs7dlMSxipt84,asia-east,4/8/2024 1:22,0
w6Aa50vuFBPpDXaEwCSEe,asia-west,4/7/2024 23:38,0
DYPP5KcfSPOrB6O3gzI-R,us-central,4/7/2024 16:39,0
enF0tKX71vP7c9zBrNq1t,asia-west,4/7/2024 8:03,0
QDKOCyYtqpIbFs9yydxoS,europe-west,4/7/2024 5:43,0
Vo968a5rb0hqT4MLYBNzB,asia-east,4/6/2024 23:01,0
24nAuQflUZhtkYeb3OvRw,us-central,4/6/2024 13:12,0
Wi4V9ELjLqaSAxdBQlmuK,europe-west,4/6/2024 7:10,0
tSFnLfqo_MP3C1pGZh89p,asia-west,4/6/2024 2:57,0
MhD6bi0h7pt9fpiUO7J9C,asia-east,4/5/2024 19:27,0
pedTVVmNnuLTbTQe35UuC,us-central,4/5/2024 18:01,0
e7sC4E5EXfU4EUE6K7Ut_,europe-west,4/5/2024 9:57,0
0FDLRUGHxNio09BQSUBn_,asia-west,4/5/2024 4:54,0
0bBsZUSP-Fqj7pdnNJJHq,asia-east,4/4/2024 23:34,0
rvU8fmzjJ9TstXwS41OqB,us-central,4/4/2024 12:14,0
9fIgoYo4Bw2uFYqrlNJD6,europe-west,4/4/2024 9:43,0
iOX3GvclUDmBUs6Iq1LQm,asia-west,4/4/2024 6:46,0
kMOl_HL-2JTvaoG17Vrbg,asia-east,4/4/2024 2:53,0
adWpiQSstu0n-sHnJHedQ,europe-west,4/3/2024 11:50,0
n5cwb9V4ocEZ7QB05Xo_c,us-central,4/3/2024 10:49,0
Hh9gnhl7WMWFAn4CY5TaD,asia-west,4/3/2024 1:01,0
nDN5r0j_6j4g7pgDoa-lh,asia-east,4/2/2024 21:14,0
5DI1SvmBR0uMVd_Z-J6fY,us-central,4/2/2024 14:46,0
V8epDCMgxZFyWo1i5DkAE,asia-west,4/2/2024 9:15,0
WTLqoFMPHlFeJnxLwA4HO,europe-west,4/2/2024 7:45,0
yg7tejI-KXUA-zPINCSKf,asia-east,4/1/2024 19:50,0
kp2wuJJRrfPrEq3b9jdcR,us-central,4/1/2024 14:42,0
b-Neaha48ImPcLTGhae3O,europe-west,4/1/2024 7:42,0
txKPR2Vl5q7cUmXnTu0dK,asia-west,4/1/2024 4:42,0
8hVC_7IdFYOPKndvVpwhg,asia-east,3/31/2024 22:42,0
QmpX0-s-k0Qsdiakri-ag,us-central,3/31/2024 12:52,0
WJZPtR41QcLZCI4XuDr7H,europe-west,3/31/2024 8:05,0
UO7evMNSzuhvAGcTHNpDu,asia-west,3/31/2024 5:02,0
JJIuM6JSq-O_gwNmsYKos,asia-east,3/31/2024 3:53,0
sZUwXcjShzmkcHg_P_FmC,us-central,3/30/2024 16:14,0
5hqGaTU_r7NbrSmzW5Bnh,asia-west,3/30/2024 7:35,0
LhNAUrZXVkqscjLVDvGZQ,europe-west,3/30/2024 5:07,0
KQxhImBdzK42U024eyvaT,asia-east,3/29/2024 20:31,0
7GFFFYWh6tFyJaUYIQR2h,us-central,3/29/2024 10:14,0
Xe8R7i1zQw9ZqDLJcZQRe,europe-west,3/29/2024 8:42,0
C-7P3Zioph2MhJ8R5yN25,asia-west,3/28/2024 22:23,0
GWTgIb9Eci89ccJ-Wz7vf,asia-east,3/28/2024 19:34,0
JJ2fp1ASGV0YNeT8XKhO8,europe-west,3/28/2024 12:24,0
pL9Gyfhv_UY79ZcVYZB_n,us-central,3/28/2024 10:12,0
3Pshvsr2SurD-G77mv_S7,asia-west,3/28/2024 4:40,0
8plOZw3m_bNjvjlCau4hK,asia-east,3/28/2024 3:21,0
CtcdlyK5-LvJntk1KKHnE,us-central,3/27/2024 11:39,0
mMIGmAxF9yogsIpjwFFqS,europe-west,3/27/2024 3:12,0
ypZL2jZyNMxkn0Ru6Fgce,asia-west,3/27/2024 1:57,0
L8GaTV6GKmsgUN9o4cVFk,asia-east,3/26/2024 20:46,0
6LHzSaU2zbnslr9F3BoVB,us-central,3/26/2024 14:53,0
0mRdurM2uIsrfQAgql0ub,europe-west,3/26/2024 10:04,0
oysFL85njEezVHi-0WmyS,asia-west,3/26/2024 9:01,0
lhvUuqA9wE0g3xZJxoXGK,asia-east,3/25/2024 23:05,0
tq1cX_1lZz_4gD7PUY9na,us-central,3/25/2024 14:12,0
81FVbZTDu948CrV1-LqEd,europe-west,3/25/2024 9:11,0
8aeq7eUS4d-Vr_dPCHt-V,asia-west,3/25/2024 5:57,0
VB_sf1V65U3fBNvvaxC0e,asia-east,3/25/2024 3:27,0
BTszFUC4ze9ifo5FqWJ0n,us-central,3/24/2024 17:05,0
YCuvRVqO6j7a3Thwim0He,europe-west,3/24/2024 13:58,0
dgZygye7RAVWaGTmRrZM3,asia-west,3/24/2024 1:35,0
3Zri3vCSxOmVL_GxV0c_K,asia-east,3/23/2024 18:26,0
TpcZufcfufOxtkTZLvFyB,us-central,3/23/2024 11:41,0
fnhs_yAqQQoIjnrAT2uAg,asia-west,3/23/2024 7:58,0
k2-CIXZ4reBl6CAj7Bq7z,europe-west,3/23/2024 6:33,0
gh0PnhXMpoIi2kewOK6dq,asia-east,3/23/2024 2:32,0
4NEZpB_T47JCqihkJJBY0,us-central,3/22/2024 12:53,0
mnKWQLLNcfGcrt1h2UeVk,europe-west,3/22/2024 11:19,0
K-k2hFiL6MVtDd3IG9nTe,asia-west,3/22/2024 6:46,0
8jcsg3Rk-5oc39d6NZCOk,asia-east,3/21/2024 20:45,0
WE_RP8RhD5wUcw2r0A55I,us-central,3/21/2024 12:03,0
zOjsX6qd5pkglYWo_C4CR,asia-west,3/21/2024 5:53,0
BxdsPSLk7lJjMNh--JyAA,europe-west,3/21/2024 4:32,0
fOI_4rpbbhGKFDwRs4t1U,asia-east,3/20/2024 21:13,0
J7TKGrr0MDT1Ev0QS_GoG,us-central,3/20/2024 9:34,0
X-I_aBFstCY4T0yXWuooD,europe-west,3/20/2024 6:21,0
sQ89seimmNRoxAQchqb_H,asia-west,3/20/2024 3:21,0
YvWN4e5dO-uSm123Z7CJD,asia-east,3/20/2024 2:21,0
y0xfnvLEkfzq5mTZWf3bs,us-central,3/19/2024 17:55,0
vXmj8JTZC6QfwTg82YEgx,europe-west,3/19/2024 9:23,0
A8AmfquoE06HMrhmogb-A,asia-west,3/19/2024 8:31,0
1PeIUm5rLzfLzIXKopNq2,asia-east,3/19/2024 2:15,0
WzXyaJ9FNHn_Jzztra06s,us-central,3/18/2024 14:36,0
9guo_vjK96BoBg56Zq1ft,europe-west,3/18/2024 7:24,0
jTk79kuwUe97v9gvE1jle,asia-west,3/18/2024 3:48,0
av0Ji0_1TipFKFCxvky_N,asia-east,3/17/2024 19:36,0
KODD-tDtkU_etMobQPFF9,us-central,3/17/2024 14:18,0
zwuFE9w_XnIrqekzAv4C_,europe-west,3/17/2024 8:35,0
15ExN5dTxJ464gqj6kzUG,asia-west,3/17/2024 3:10,0
bw8j6LoRmVWtokzt4Q54h,asia-east,3/16/2024 23:38,0
tInLO9j1ARpKFrNNTY2g7,us-central,3/16/2024 14:49,0
C-vL734Gmv9BwZhWtbw-L,europe-west,3/16/2024 12:36,0
3vO_xXq2ZMQI07khgrH_K,asia-west,3/16/2024 7:48,0
w5W7_9Hoon37DuCtQX2Vv,asia-east,3/15/2024 19:49,0
pAe4WD1hrsyTpE3v3s6Rx,us-central,3/15/2024 14:56,0
oKqHz33Cq220fsXKdeT6o,europe-west,3/15/2024 12:40,0
X1_vnBRM6me4nlkIJ91zu,asia-west,3/15/2024 4:49,0
_pEVAsTRbPP8euMK-cSL_,asia-east,3/14/2024 20:52,0
Fr0F64OnN94TivU8-CD-l,us-central,3/14/2024 16:52,0
mxk_ZLokIVqHHKb2CzfiN,europe-west,3/14/2024 11:55,0
8Un6tVKhG3bie57OcWHbL,asia-west,3/14/2024 7:34,0
j8JN1uyKDSLWVdh9b6F0Z,asia-east,3/14/2024 2:31,0
wipnbQPB0QUqG1lkTPuGU,us-central,3/13/2024 18:22,0
2rKqDjBC_cKhv3sNK_Qao,europe-west,3/13/2024 4:21,0
j-qlv0rX8LuRQ2z6lo9Er,asia-east,3/13/2024 2:50,0
HCTwQP2o5IV-GhNyoRm_L,asia-west,3/12/2024 23:13,0
6m1RzNQWKVZtlPvWXl3_k,us-central,3/12/2024 10:55,0
Vo59PWCy64neHo_FGedZw,asia-west,3/12/2024 9:34,0
zvha77Q3qh5XIsPKwR3fr,europe-west,3/12/2024 2:31,0
JdErTMDkVLWWgPwDjORtb,asia-east,3/11/2024 22:38,0
WcZY7BLSbsThfHGp2N3Ri,us-central,3/11/2024 14:01,0
h6dWyHKg2BL1_Y-qT8cch,europe-west,3/11/2024 13:14,0
8Lx1ybzzSax-sqeexQY9k,asia-west,3/11/2024 2:13,0
qoIrhhov1JFt5zSob-27K,asia-east,3/10/2024 20:15,0
VRiQAz8ZDv_wKnBfzMPXx,europe-west,3/10/2024 12:20,0
m_m8xIXmx5rodUKq3mLDv,us-central,3/10/2024 9:08,0
If83ZgV64F09Y979aHWuB,asia-west,3/10/2024 8:04,0
XhWfOHao3EiIYC5MfOKaa,us-central,3/9/2024 17:16,0
gXXXx4jU8Fr1echYeG_y2,asia-west,3/9/2024 7:22,0
nT347DuV1tTSPRtyM3Wqm,europe-west,3/9/2024 5:48,0
TkkZy2HEV77ZYjsYM4cB0,asia-east,3/9/2024 1:52,0
DNF59Lp7Yt9EfaPnISnIt,us-central,3/8/2024 14:20,0
CLMOJFY8fTJL2todjNtcw,europe-west,3/8/2024 9:16,0
0qtx-WGb9EWoHz--GK7rz,asia-west,3/8/2024 5:14,0
git3fxgq3971LxTJsGkBm,asia-east,3/7/2024 21:52,0
IC_y0K8fBsnR2k61vH5GB,us-central,3/7/2024 18:47,0
O0uVa_EjixTes3DNmdAg9,europe-west,3/7/2024 10:48,0
ZrRy0aXrQ0o7e2GTR-Scl,asia-west,3/7/2024 3:45,0
1PUJlaTx9oL5JMb2-twjB,asia-east,3/6/2024 23:01,0
LoFlE6RpwULgZotygXI51,us-central,3/6/2024 14:42,0
LaIAO3N2Nx94kROlX2p-W,europe-west,3/6/2024 7:01,0
Ym0AquSu0PY9QmlUZu1U6,asia-west,3/6/2024 1:08,0
_DRWEjiqDrmjg2T8lne8x,asia-east,3/5/2024 16:31,0
pK8975hf-8reIg7Bpwtrh,us-central,3/5/2024 12:02,0
lAHLq3MrGpon2N6bN_ADn,europe-west,3/5/2024 9:31,0
BJ8coTZ0HLEg56AiMQm6k,asia-west,3/5/2024 1:26,0
qBIj_pOodKAnB72n7jcBr,asia-east,3/4/2024 21:32,0
YDmmwhAo5UWewNfWnjAfE,us-central,3/4/2024 15:57,0
LUoKBMfjVDlkPEek_p35r,europe-west,3/4/2024 9:02,0
9GWfxtz4_n3DFLk2e0Zm6,asia-west,3/4/2024 5:21,0
3JOhqnqW8mkR-ovrWWyBq,asia-east,3/3/2024 21:33,0
RjP_ZC19nikYBoe2dgTZW,us-central,3/3/2024 13:02,0
HG2eYV-hm9OwhB1VC3UiI,europe-west,3/3/2024 11:10,0
Z4pr7AFmA7xjOhNdPozYd,asia-west,3/3/2024 8:55,0
IbW8jzMxGABNi9468_3iG,asia-east,3/3/2024 0:49,0
U7ar-uPOHgqG0Fb304thy,us-central,3/2/2024 17:01,0
0KKDUjNm12QzwasYmmySi,europe-west,3/2/2024 9:57,0
owyYaQ7wkf61W1BblKnX_,asia-west,3/1/2024 22:24,0
wStX5IWw3B8Wu5y2s2zxZ,asia-east,3/1/2024 18:38,0
iikfad8tERUXyxHuI9rrr,us-central,3/1/2024 12:40,0
nY2HOar-vyj1bs3itfqYc,asia-west,3/1/2024 5:34,0
k1zTPczszTX2TNEXphHGk,europe-west,3/1/2024 2:40,0
#NAME?,asia-east,2/29/2024 19:27,0
Y--vYnWIhxcLvx11pHgGA,us-central,2/29/2024 15:16,0
z5Gieu9O541i9hwsB4s9j,europe-west,2/29/2024 5:44,0
gQhVaAOnpfUPAJNJ-h_yi,asia-west,2/29/2024 4:52,0
dVuBaIXJTk5uSrL329bWR,asia-east,2/29/2024 2:28,0
tgDDu7WNmWL_iXLcoWY-E,us-central,2/28/2024 15:40,0
6UG1ncAO59az5BQVi-Sxy,europe-west,2/28/2024 10:55,0
ShUWNyGeRLLXnDjvRMAkX,asia-west,2/28/2024 4:46,0
nh0Rq3b0tU-a1-CVf-96N,asia-east,2/27/2024 18:46,0
A45Qry113TUL8JXy362Gr,us-central,2/27/2024 16:49,0
2h3yzbjggBuO_7uGRDhzk,asia-west,2/27/2024 8:22,0
QX-uyxRhCV9ePMWzfxAdR,europe-west,2/27/2024 6:34,0
IcpvZSDwdOZQPlBKMUKJV,asia-east,2/26/2024 20:25,0
GNlu2SRAYzgaooTlw5XLs,us-central,2/26/2024 10:43,0
I-ycaCIQdyXA6iQ6bR538,europe-west,2/26/2024 7:32,0
IQfne_HLIJ3IcEuH8f5I2,asia-west,2/25/2024 23:39,0
qdlCdiGFX56gu1uCkaoS1,asia-east,2/25/2024 20:01,0
Oe-XtAQZFd7oG4I7glMdJ,us-central,2/25/2024 13:01,0
BHF93wxbVNIqRC1imgGwD,europe-west,2/25/2024 4:34,0
AaHgoJ6ULoG1o6sRNqkLf,asia-west,2/25/2024 3:05,0
pj_jLUNCCgzU5YueOcjFd,asia-east,2/25/2024 0:10,0
VmV4LgoB3Slyc79RY6hjQ,us-central,2/24/2024 15:44,0
sOJxFW1oGg1p5L-IPwoS4,asia-east,2/24/2024 2:48,0
Kqz35mHjjmMXLaKZ7Y7ht,europe-west,2/24/2024 1:57,0
oyeiPQhRY1sylI-uYJdya,asia-west,2/24/2024 0:33,0
MJyDjhRV54r4Ar7rQ82_q,us-central,2/23/2024 13:20,0
AxvisfMPHPDH7s8gSJeTz,europe-west,2/23/2024 10:12,0
GGxSlnhqbqm6yzcRPddT6,asia-west,2/22/2024 23:33,0
7HAZeN2iaUfOGWKlCvqzR,asia-east,2/22/2024 20:18,0
UwJepNjwEnrsf1Xp3POdC,us-central,2/22/2024 9:48,0
OBCqk3akISmQJh07y1rAf,asia-west,2/22/2024 7:21,0
uU721uhrXoexak-4KXtAn,europe-west,2/22/2024 5:50,0
ic3s5yThu3zQDxmp_GBbz,asia-east,2/21/2024 19:10,0
EvjigKAzIbD8Oyj_j4xxt,us-central,2/21/2024 11:54,0
fmOaAuJblmqT8-2rW2cjB,asia-west,2/21/2024 4:54,0
8FGrH1QBwlBKm--5zlPeX,europe-west,2/21/2024 1:31,0
oF9fRqSXDDQvTRln_Z8Cl,asia-east,2/20/2024 23:57,0
VYG3JiSWQ6FXAAK1GiLPP,us-central,2/20/2024 19:50,0
IzykmYugiMWBeZZ9oFDEq,europe-west,2/20/2024 5:46,0
y11tMzXw6b4Y4yEZa9Lsk,asia-west,2/19/2024 22:22,0
le1_Yxf0frpXILqD305Oe,us-central,2/19/2024 19:18,0
iF7cPOW_8hCL7DsKty8yV,asia-east,2/19/2024 15:01,0
jMcaMDYZTItbPORm0wHhr,europe-west,2/19/2024 11:46,0
QQ__FiL_kOdCFIrG4qJWX,asia-west,2/18/2024 22:58,0
S_fkXRZt5hJq2r486BdV0,asia-east,2/18/2024 21:31,0
inWfMiaDX4WUHf5M67cTu,us-central,2/18/2024 16:47,0
R639DDwwaVVG5WW_Cii9O,europe-west,2/18/2024 9:19,0
1RnNh2HPhTXsPJOF73615,asia-west,2/18/2024 3:41,0
PIZzxlAcHzEDVyJhg3R7b,asia-east,2/18/2024 0:24,0
PNS19w_ja25fDHQHEQy74,us-central,2/17/2024 18:40,0
R28qrO1K-55R-I9GGYEF_,asia-west,2/17/2024 4:10,0
CQSe8WGaL3yKkQG8acbm3,europe-west,2/17/2024 3:31,0
r4dES6ofcKVxdk9PCu1k-,asia-east,2/16/2024 18:31,0
qoBy6OD8XGBtMhhFRjqwS,europe-west,2/16/2024 11:02,0
_MtUx7yMqiN6zYp7RQA57,us-central,2/16/2024 10:05,0
fNcFP1dTqdaJFPr7bpnEV,asia-west,2/15/2024 23:20,0
djmjfF2AEtXUS0AOSW1qn,asia-east,2/15/2024 22:26,0
lA6DHqwT5XOJgoEO-3D-c,us-central,2/15/2024 17:11,0
wXDhE-75UknVO0j12uQoQ,asia-west,2/15/2024 7:52,0
jfELfF7p3nRo9P-yRd79h,europe-west,2/15/2024 5:26,0
bJ-coBLhF2EHKGfhXPagu,asia-east,2/14/2024 15:14,0
B48BRU7iPnoWfWA7DDHhZ,us-central,2/14/2024 9:43,0
QnK1OUP7huYvVPXOSO2nW,asia-west,2/14/2024 6:22,0
ARIpol_18rzZ-DSXRovX7,europe-west,2/14/2024 2:24,0
pk03ltR0VPGENCM7gewep,asia-east,2/14/2024 0:08,0
